﻿<?xml version="1.0" encoding="utf-8"?>
<ModMetaData>
  <name>Call of Cthulhu - Straitjackets</name>
  <author>Jecrell</author>
  <targetVersion>1.0.2059</targetVersion>
  <description>1.20.0.0 (10-19-2018)

Straitjackets prevent colonists from hurting themselves and others by disabling mental breaks.

Thank you to my Patrons for supporting me in my efforts. Without you, none of this would be possible.

These are the most excellent rim dwellers who support me: 
Lumberjack, Shibby Says, TheJagermeister, Cory Bonifay, Kiya Nicoll, Matt Harris, Paul Fenwick, Grendalloffen, Martin K. Bonde, Bentley Alsup, Eric Idema, MasterScootie, GoSu, Josh McCabe, spook, Clifford Campbell, J, CrankyPeanut, E_T, Finwej, Jonathan, Audrin Navarro, Михаил Юрченко, John Kanady, Luis Figueroa, Midgeman, Nate Haug, Nemuri Hime, Richard Paul, SilentWeirdo, Calum, Calhoun Cattell, Keith Thoma, Tim Stillson, Dick Jones, Patrick, Nathan Getman, Populous25, Sharp Spook, Steven James, Marcus Sireanu, Mark, Emily Shaw, Drachken, Zalson, Baron Xot, Nicholas Bateman, Christopher, Justin Andres, Luis Salvatierra, TinyFloatingTurtle, George Chong Chuang Ming, John Boehr, Oliver White, roxxploxx, Robin Hager, Brachiaraidos, That Guy, Toc Anastar, Karol Rybak, Allic, Austin Harbert, Yewty, Evan Hwang, Ryan Brock, Jonathan Holzinger, MC, Alexander, Kevin Reagan, Alex Mederer, Toss Antilles, Chelsea Archambeau, Aron Glasser, Dan Winn, Fredric Sundberg, Sarah Banks, ted stevens

========================
Changelog
========================
1.20.0.0 (10-19-2018)
========================
Initial release for RimWorld 1.0.

</description>
</ModMetaData>